{
  "meta": {
    "title": "Starforce Stats 스타포스 강화 비용 30% 할인 및 10성 이하에서 스타포스 강화 성공시 1+1 강화",
    "period": "2025년8월21일~2025년9월18일의스타포스강화비용30%할인및10성이하에서스타포스강화성공시1+1강화이벤트의",
    "event": "스타포스 강화 비용 30% 할인 및 10성 이하에서 스타포스 강화 성공시 1+1 강화",
    "star_catch": true
  },
  "records": [
    {
      "star": 0,
      "total_n": 94455,
      "success_n": 94208,
      "success_p_target": 0.9975,
      "success_p_actual": 0.997385,
      "fail_n": 247,
      "fail_p_target": 0.0025,
      "fail_p_actual": 0.002615,
      "boom_n": 0,
      "boom_p_target": 0.0,
      "boom_p_actual": 0.0,
      "success_expected_std": 0.00016248526398778544,
      "success_z_score": -0.7077564892822047,
      "fail_expected_std": 0.00016248526398778717,
      "fail_z_score": 0.7077564892816606,
      "boom_expected_std": 0.0,
      "boom_z_score": 0.0
    },
    {
      "star": 1,
      "total_n": 1028,
      "success_n": 975,
      "success_p_target": 0.945,
      "success_p_actual": 0.948444,
      "fail_n": 53,
      "fail_p_target": 0.055,
      "fail_p_actual": 0.051556,
      "boom_n": 0,
      "boom_p_target": 0.0,
      "boom_p_actual": 0.0,
      "success_expected_std": 0.0071105090198522935,
      "success_z_score": 0.48435350976765157,
      "fail_expected_std": 0.00711050901985229,
      "fail_z_score": -0.48435350976765185,
      "boom_expected_std": 0.0,
      "boom_z_score": 0.0
    },
    {
      "star": 2,
      "total_n": 78652,
      "success_n": 70275,
      "success_p_target": 0.8925,
      "success_p_actual": 0.893493,
      "fail_n": 8377,
      "fail_p_target": 0.1075,
      "fail_p_actual": 0.106507,
      "boom_n": 0,
      "boom_p_target": 0.0,
      "boom_p_actual": 0.0,
      "success_expected_std": 0.0011044688182988772,
      "success_z_score": 0.899074725830158,
      "fail_expected_std": 0.001104468818298877,
      "fail_z_score": -0.8990747258301331,
      "boom_expected_std": 0.0,
      "boom_z_score": 0.0
    },
    {
      "star": 3,
      "total_n": 1397,
      "success_n": 1251,
      "success_p_target": 0.8925,
      "success_p_actual": 0.8954900000000001,
      "fail_n": 146,
      "fail_p_target": 0.1075,
      "fail_p_actual": 0.10451,
      "boom_n": 0,
      "boom_p_target": 0.0,
      "boom_p_actual": 0.0,
      "success_expected_std": 0.00828724429702988,
      "success_z_score": 0.3607954457275701,
      "fail_expected_std": 0.008287244297029879,
      "fail_z_score": -0.36079544572755007,
      "boom_expected_std": 0.0,
      "boom_z_score": 0.0
    },
    {
      "star": 4,
      "total_n": 81779,
      "success_n": 68890,
      "success_p_target": 0.84,
      "success_p_actual": 0.8423919999999999,
      "fail_n": 12889,
      "fail_p_target": 0.16,
      "fail_p_actual": 0.157608,
      "boom_n": 0,
      "boom_p_target": 0.0,
      "boom_p_actual": 0.0,
      "success_expected_std": 0.001281972580979104,
      "success_z_score": 1.8658745401349104,
      "fail_expected_std": 0.001281972580979104,
      "fail_z_score": -1.8658745401349537,
      "boom_expected_std": 0.0,
      "boom_z_score": 0.0
    },
    {
      "star": 5,
      "total_n": 4015,
      "success_n": 3123,
      "success_p_target": 0.7875,
      "success_p_actual": 0.777833,
      "fail_n": 892,
      "fail_p_target": 0.2125,
      "fail_p_actual": 0.222167,
      "boom_n": 0,
      "boom_p_target": 0.0,
      "boom_p_actual": 0.0,
      "success_expected_std": 0.006455976986815892,
      "success_z_score": -1.4973721281444308,
      "fail_expected_std": 0.006455976986815891,
      "fail_z_score": 1.4973721281444352,
      "boom_expected_std": 0.0,
      "boom_z_score": 0.0
    },
    {
      "star": 6,
      "total_n": 91836,
      "success_n": 67551,
      "success_p_target": 0.735,
      "success_p_actual": 0.735561,
      "fail_n": 24285,
      "fail_p_target": 0.265,
      "fail_p_actual": 0.264439,
      "boom_n": 0,
      "boom_p_target": 0.0,
      "boom_p_actual": 0.0,
      "success_expected_std": 0.0014563311095131277,
      "success_z_score": 0.3852145960046023,
      "fail_expected_std": 0.0014563311095131277,
      "fail_z_score": -0.3852145960046023,
      "boom_expected_std": 0.0,
      "boom_z_score": 0.0
    },
    {
      "star": 7,
      "total_n": 5872,
      "success_n": 4053,
      "success_p_target": 0.6825,
      "success_p_actual": 0.690225,
      "fail_n": 1819,
      "fail_p_target": 0.3175,
      "fail_p_actual": 0.30977499999999997,
      "boom_n": 0,
      "boom_p_target": 0.0,
      "boom_p_actual": 0.0,
      "success_expected_std": 0.006074774611488188,
      "success_z_score": 1.2716521178235984,
      "fail_expected_std": 0.006074774611488188,
      "fail_z_score": -1.2716521178236075,
      "boom_expected_std": 0.0,
      "boom_z_score": 0.0
    },
    {
      "star": 8,
      "total_n": 104414,
      "success_n": 65959,
      "success_p_target": 0.63,
      "success_p_actual": 0.631706,
      "fail_n": 38455,
      "fail_p_target": 0.37,
      "fail_p_actual": 0.368294,
      "boom_n": 0,
      "boom_p_target": 0.0,
      "boom_p_actual": 0.0,
      "success_expected_std": 0.001494141642803568,
      "success_z_score": 1.1417926862669405,
      "fail_expected_std": 0.001494141642803568,
      "fail_z_score": -1.1417926862669405,
      "boom_expected_std": 0.0,
      "boom_z_score": 0.0
    },
    {
      "star": 9,
      "total_n": 9215,
      "success_n": 5185,
      "success_p_target": 0.5775,
      "success_p_actual": 0.56267,
      "fail_n": 4030,
      "fail_p_target": 0.4225,
      "fail_p_actual": 0.43733,
      "boom_n": 0,
      "boom_p_target": 0.0,
      "boom_p_actual": 0.0,
      "success_expected_std": 0.005145667042367406,
      "success_z_score": -2.8820364547289206,
      "fail_expected_std": 0.005145667042367406,
      "fail_z_score": 2.8820364547289206,
      "boom_expected_std": 0.0,
      "boom_z_score": 0.0
    },
    {
      "star": 10,
      "total_n": 192014,
      "success_n": 100809,
      "success_p_target": 0.525,
      "success_p_actual": 0.5250090000000001,
      "fail_n": 91205,
      "fail_p_target": 0.475,
      "fail_p_actual": 0.474991,
      "boom_n": 0,
      "boom_p_target": 0.0,
      "boom_p_actual": 0.0,
      "success_expected_std": 0.0011396198601672884,
      "success_z_score": 0.007897370267586964,
      "fail_expected_std": 0.0011396198601672884,
      "fail_z_score": -0.007897370267538253,
      "boom_expected_std": 0.0,
      "boom_z_score": 0.0
    },
    {
      "star": 11,
      "total_n": 14700,
      "success_n": 6931,
      "success_p_target": 0.4725,
      "success_p_actual": 0.47149700000000005,
      "fail_n": 7769,
      "fail_p_target": 0.5275,
      "fail_p_actual": 0.528503,
      "boom_n": 0,
      "boom_p_target": 0.0,
      "boom_p_actual": 0.0,
      "success_expected_std": 0.0041176883251233505,
      "success_z_score": -0.2435832731390311,
      "fail_expected_std": 0.0041176883251233505,
      "fail_z_score": 0.2435832731390446,
      "boom_expected_std": 0.0,
      "boom_z_score": 0.0
    },
    {
      "star": 12,
      "total_n": 214525,
      "success_n": 90139,
      "success_p_target": 0.42,
      "success_p_actual": 0.42017899999999997,
      "fail_n": 124386,
      "fail_p_target": 0.58,
      "fail_p_actual": 0.579821,
      "boom_n": 0,
      "boom_p_target": 0.0,
      "boom_p_actual": 0.0,
      "success_expected_std": 0.0010656134333230972,
      "success_z_score": 0.16797836288697704,
      "fail_expected_std": 0.0010656134333230972,
      "fail_z_score": -0.16797836288692494,
      "boom_expected_std": 0.0,
      "boom_z_score": 0.0
    },
    {
      "star": 13,
      "total_n": 241916,
      "success_n": 88736,
      "success_p_target": 0.3675,
      "success_p_actual": 0.36680500000000005,
      "fail_n": 153180,
      "fail_p_target": 0.6325,
      "fail_p_actual": 0.633195,
      "boom_n": 0,
      "boom_p_target": 0.0,
      "boom_p_actual": 0.0,
      "success_expected_std": 0.0009802269533332605,