{
  "meta": {
    "title": "Starforce Stats 스타포스 강화 비용 30% 할인 및 10성 이하에서 스타포스 강화 성공시 1+1 강화",
    "period": "2025년8월21일~2025년9월18일의스타포스강화비용30%할인및10성이하에서스타포스강화성공시1+1강화이벤트의",
    "event": "스타포스 강화 비용 30% 할인 및 10성 이하에서 스타포스 강화 성공시 1+1 강화",
    "star_catch": false
  },
  "records": [
    {
      "star": 0,
      "total_n": 284873,
      "success_n": 270642,
      "success_p_target": 0.95,
      "success_p_actual": 0.950044,
      "fail_n": 14231,
      "fail_p_target": 0.05,
      "fail_p_actual": 0.04995599999999999,
      "boom_n": 0,
      "boom_p_target": 0.0,
      "boom_p_actual": 0.0,
      "success_expected_std": 0.0004083392814591568,
      "success_z_score": 0.10775353241259256,
      "fail_expected_std": 0.0004083392814591566,
      "fail_z_score": -0.10775353241250762,
      "boom_expected_std": 0.0,
      "boom_z_score": 0.0
    },
    {
      "star": 1,
      "total_n": 4553,
      "success_n": 4073,
      "success_p_target": 0.9,
      "success_p_actual": 0.894575,
      "fail_n": 480,
      "fail_p_target": 0.1,
      "fail_p_actual": 0.105425,
      "boom_n": 0,
      "boom_p_target": 0.0,
      "boom_p_actual": 0.0,
      "success_expected_std": 0.004446030417176544,
      "success_z_score": -1.2201895828335705,
      "fail_expected_std": 0.004446030417176545,
      "fail_z_score": 1.2201895828335672,
      "boom_expected_std": 0.0,
      "boom_z_score": 0.0
    },
    {
      "star": 2,
      "total_n": 345567,
      "success_n": 293393,
      "success_p_target": 0.85,
      "success_p_actual": 0.849019,
      "fail_n": 52174,
      "fail_p_target": 0.15,
      "fail_p_actual": 0.150981,
      "boom_n": 0,
      "boom_p_target": 0.0,
      "boom_p_actual": 0.0,
      "success_expected_std": 0.0006074198231503903,
      "success_z_score": -1.6150279635459397,
      "fail_expected_std": 0.0006074198231503903,
      "fail_z_score": 1.6150279635459397,
      "boom_expected_std": 0.0,
      "boom_z_score": 0.0
    },
    {
      "star": 3,
      "total_n": 6407,
      "success_n": 5437,
      "success_p_target": 0.85,
      "success_p_actual": 0.848603,
      "fail_n": 970,
      "fail_p_target": 0.15,
      "fail_p_actual": 0.151397,
      "boom_n": 0,
      "boom_p_target": 0.0,
      "boom_p_actual": 0.0,
      "success_expected_std": 0.004460953850411568,
      "success_z_score": -0.3131617243408816,
      "fail_expected_std": 0.004460953850411568,
      "fail_z_score": 0.3131617243408878,
      "boom_expected_std": 0.0,
      "boom_z_score": 0.0
    },
    {
      "star": 4,
      "total_n": 366407,
      "success_n": 292922,
      "success_p_target": 0.8,
      "success_p_actual": 0.799444,
      "fail_n": 73485,
      "fail_p_target": 0.2,
      "fail_p_actual": 0.20055599999999998,
      "boom_n": 0,
      "boom_p_target": 0.0,
      "boom_p_actual": 0.0,
      "success_expected_std": 0.0006608122881407829,
      "success_z_score": -0.8413887120112812,
      "fail_expected_std": 0.000660812288140783,
      "fail_z_score": 0.841388712011239,
      "boom_expected_std": 0.0,
      "boom_z_score": 0.0
    },
    {
      "star": 5,
      "total_n": 10726,
      "success_n": 8036,
      "success_p_target": 0.75,
      "success_p_actual": 0.749208,
      "fail_n": 2690,
      "fail_p_target": 0.25,
      "fail_p_actual": 0.250792,
      "boom_n": 0,
      "boom_p_target": 0.0,
      "boom_p_actual": 0.0,
      "success_expected_std": 0.004181015135458277,
      "success_z_score": -0.1894276806805208,
      "fail_expected_std": 0.004181015135458277,
      "fail_z_score": 0.1894276806805208,
      "boom_expected_std": 0.0,
      "boom_z_score": 0.0
    },
    {
      "star": 6,
      "total_n": 393463,
      "success_n": 275464,
      "success_p_target": 0.7,
      "success_p_actual": 0.700101,
      "fail_n": 117999,
      "fail_p_target": 0.3,
      "fail_p_actual": 0.29989899999999997,
      "boom_n": 0,
      "boom_p_target": 0.0,
      "boom_p_actual": 0.0,
      "success_expected_std": 0.0007305630415163096,
      "success_z_score": 0.13824953393534478,
      "fail_expected_std": 0.0007305630415163096,
      "fail_z_score": -0.13824953393534478,
      "boom_expected_std": 0.0,
      "boom_z_score": 0.0
    },
    {
      "star": 7,
      "total_n": 16130,
      "success_n": 10467,
      "success_p_target": 0.65,
      "success_p_actual": 0.6489149999999999,
      "fail_n": 5663,
      "fail_p_target": 0.35,
      "fail_p_actual": 0.351085,
      "boom_n": 0,
      "boom_p_target": 0.0,
      "boom_p_actual": 0.0,
      "success_expected_std": 0.003755549726840926,
      "success_z_score": -0.2889057738326869,
      "fail_expected_std": 0.003755549726840926,
      "fail_z_score": 0.28890577383265736,
      "boom_expected_std": 0.0,
      "boom_z_score": 0.0
    },
    {
      "star": 8,
      "total_n": 418100,
      "success_n": 250800,
      "success_p_target": 0.6,
      "success_p_actual": 0.599856,
      "fail_n": 167300,
      "fail_p_target": 0.4,
      "fail_p_actual": 0.400144,
      "boom_n": 0,
      "boom_p_target": 0.0,
      "boom_p_actual": 0.0,
      "success_expected_std": 0.0007576446084982158,
      "success_z_score": -0.19006272648790598,
      "fail_expected_std": 0.0007576446084982158,
      "fail_z_score": 0.1900627264878327,
      "boom_expected_std": 0.0,
      "boom_z_score": 0.0
    },
    {
      "star": 9,
      "total_n": 22249,
      "success_n": 12210,
      "success_p_target": 0.55,
      "success_p_actual": 0.548789,
      "fail_n": 10039,
      "fail_p_target": 0.45,
      "fail_p_actual": 0.451211,
      "boom_n": 0,
      "boom_p_target": 0.0,
      "boom_p_actual": 0.0,
      "success_expected_std": 0.003335280417740721,
      "success_z_score": -0.36308791115692457,
      "fail_expected_std": 0.003335280417740721,
      "fail_z_score": 0.36308791115689126,
      "boom_expected_std": 0.0,
      "boom_z_score": 0.0
    },
    {
      "star": 10,
      "total_n": 393242,
      "success_n": 196303,
      "success_p_target": 0.5,
      "success_p_actual": 0.499191,
      "fail_n": 196939,
      "fail_p_target": 0.5,
      "fail_p_actual": 0.500809,
      "boom_n": 0,
      "boom_p_target": 0.0,
      "boom_p_actual": 0.0,
      "success_expected_std": 0.000797333582333917,
      "success_z_score": -1.014631790162328,
      "fail_expected_std": 0.000797333582333917,
      "fail_z_score": 1.0146317901622584,
      "boom_expected_std": 0.0,
      "boom_z_score": 0.0
    },
    {
      "star": 11,
      "total_n": 12880,
      "success_n": 5798,
      "success_p_target": 0.45,
      "success_p_actual": 0.450155,
      "fail_n": 7082,
      "fail_p_target": 0.55,
      "fail_p_actual": 0.5498449999999999,
      "boom_n": 0,
      "boom_p_target": 0.0,
      "boom_p_actual": 0.0,
      "success_expected_std": 0.004383587401811075,
      "success_z_score": 0.03535916722818806,
      "fail_expected_std": 0.004383587401811075,
      "fail_z_score": -0.03535916722821339,
      "boom_expected_std": 0.0,
      "boom_z_score": 0.0
    },
    {
      "star": 12,
      "total_n": 192538,
      "success_n": 76910,
      "success_p_target": 0.4,
      "success_p_actual": 0.399454,
      "fail_n": 115628,
      "fail_p_target": 0.6,
      "fail_p_actual": 0.600546,
      "boom_n": 0,
      "boom_p_target": 0.0,
      "boom_p_actual": 0.0,
      "success_expected_std": 0.0011164708607920056,
      "success_z_score": -0.48904097650405604,
      "fail_expected_std": 0.0011164708607920056,
      "fail_z_score": 0.48904097650405604,
      "boom_expected_std": 0.0,
      "boom_z_score": 0.0
    },
    {
      "star": 13,
      "total_n": 208983,
      "success_n": 72865,
      "success_p_target": 0.35,
      "success_p_actual": 0.348665,
      "fail_n": 136118,
      "fail_p_target": 0.65,
      "fail_p_actual": 0.651335,
      "boom_n": 0,
      "boom_p_target": 0.0,
      "boom_p_actual": 0.0,
      "success_expected_std": 0.00104336249369695,
      "success_z_score": -1.2795169541408997,